Product Name,Product URL
Men's Oversized Cottonblend Half Sleeve Drop Shoulder Tshirt (Color: Black),https://www.amazon.in/LEOTUDE-Oversized-Sleeve-Printed-FS49_BLK_Fearless_P_Black_XL/dp/B0C1VFLWBD/ref=sr_1_1?pf_rd_i=1968024031&pf_rd_m=A1VBAL9TL5WCBF&pf_rd_p=3beec2e8-79cb-4dcd-8b87-d4d55f2ed002&pf_rd_r=NTNEZGBABGFV88FSCQHB&pf_rd_s=merchandised-search-7&qid=1684852332&refinements=p_85%3A10440599031%2Cp_n_pct-off-with-tax%3A27060457031%2Cp_n_feature_nineteen_browse-bin%3A11301357031%2Cp_72%3A1318476031&rps=1&s=apparel&sr=1-1
Cotton Blend Half Sleeve Oversized Emoji Black Printed T-Shirts for Women,https://www.amazon.in/LEOTUDE-Oversize-Round-T-Shirt-GRL_FS49_EMOJI001_P_Black_L/dp/B0BTW328S4/ref=sr_1_2?pf_rd_i=1968024031&pf_rd_m=A1VBAL9TL5WCBF&pf_rd_p=3beec2e8-79cb-4dcd-8b87-d4d55f2ed002&pf_rd_r=NTNEZGBABGFV88FSCQHB&pf_rd_s=merchandised-search-7&qid=1684852332&refinements=p_85%3A10440599031%2Cp_n_pct-off-with-tax%3A27060457031%2Cp_n_feature_nineteen_browse-bin%3A11301357031%2Cp_72%3A1318476031&rps=1&s=apparel&sr=1-2
Men's Regular Fit T-Shirt,https://www.amazon.in/Amazon-Brand-Symbol-T-Shirt-AW17-SYSP-05A_X-Large_Orange/dp/B0721SW1YT/ref=sr_1_3?pf_rd_i=1968024031&pf_rd_m=A1VBAL9TL5WCBF&pf_rd_p=3beec2e8-79cb-4dcd-8b87-d4d55f2ed002&pf_rd_r=NTNEZGBABGFV88FSCQHB&pf_rd_s=merchandised-search-7&qid=1684852332&refinements=p_85%3A10440599031%2Cp_n_pct-off-with-tax%3A27060457031%2Cp_n_feature_nineteen_browse-bin%3A11301357031%2Cp_72%3A1318476031&rps=1&s=apparel&sr=1-3
Men's Regular Fit T-Shirt,https://www.amazon.in/Amazon-Brand-Symbol-T-Shirt-_SS19MNTEE02-D_Multicolor_L/dp/B07N1TDSML/ref=sr_1_4?pf_rd_i=1968024031&pf_rd_m=A1VBAL9TL5WCBF&pf_rd_p=3beec2e8-79cb-4dcd-8b87-d4d55f2ed002&pf_rd_r=NTNEZGBABGFV88FSCQHB&pf_rd_s=merchandised-search-7&qid=1684852332&refinements=p_85%3A10440599031%2Cp_n_pct-off-with-tax%3A27060457031%2Cp_n_feature_nineteen_browse-bin%3A11301357031%2Cp_72%3A1318476031&rps=1&s=apparel&sr=1-4
"Men Sleeveless Tshirt, Printed Vest for Men, Cotton Sando for Gym, Cycling, Running, & Other Sports",https://www.amazon.in/Veirdo-Mens-Cotton-Tshirt/dp/B07NL679MP/ref=sr_1_5?pf_rd_i=1968024031&pf_rd_m=A1VBAL9TL5WCBF&pf_rd_p=3beec2e8-79cb-4dcd-8b87-d4d55f2ed002&pf_rd_r=NTNEZGBABGFV88FSCQHB&pf_rd_s=merchandised-search-7&qid=1684852332&refinements=p_85%3A10440599031%2Cp_n_pct-off-with-tax%3A27060457031%2Cp_n_feature_nineteen_browse-bin%3A11301357031%2Cp_72%3A1318476031&rps=1&s=apparel&sr=1-5
Oversize Loose Fit Round Neck Half Sleeve T-Shirt for Men (Pack of 2),https://www.amazon.in/Veirdo%C2%AE-Oversized-Printed-T-Shirt-Multicolour/dp/B0B84QK9NK/ref=sr_1_6?pf_rd_i=1968024031&pf_rd_m=A1VBAL9TL5WCBF&pf_rd_p=3beec2e8-79cb-4dcd-8b87-d4d55f2ed002&pf_rd_r=NTNEZGBABGFV88FSCQHB&pf_rd_s=merchandised-search-7&qid=1684852332&refinements=p_85%3A10440599031%2Cp_n_pct-off-with-tax%3A27060457031%2Cp_n_feature_nineteen_browse-bin%3A11301357031%2Cp_72%3A1318476031&rps=1&s=apparel&sr=1-6
Men Peach Solid T-Shirt,https://www.amazon.in/Red-Tape-Regular-T-Shirt-RHP0883_Peach/dp/B09QYW3KTZ/ref=sr_1_7?pf_rd_i=1968024031&pf_rd_m=A1VBAL9TL5WCBF&pf_rd_p=3beec2e8-79cb-4dcd-8b87-d4d55f2ed002&pf_rd_r=NTNEZGBABGFV88FSCQHB&pf_rd_s=merchandised-search-7&qid=1684852332&refinements=p_85%3A10440599031%2Cp_n_pct-off-with-tax%3A27060457031%2Cp_n_feature_nineteen_browse-bin%3A11301357031%2Cp_72%3A1318476031&rps=1&s=apparel&sr=1-7
Mens Attack on Titan Cotton T-Shirt,https://www.amazon.in/ADRO-Attack-Titan-Cotton-T-Shirt/dp/B0B4PD2VHP/ref=sr_1_8?pf_rd_i=1968024031&pf_rd_m=A1VBAL9TL5WCBF&pf_rd_p=3beec2e8-79cb-4dcd-8b87-d4d55f2ed002&pf_rd_r=NTNEZGBABGFV88FSCQHB&pf_rd_s=merchandised-search-7&qid=1684852332&refinements=p_85%3A10440599031%2Cp_n_pct-off-with-tax%3A27060457031%2Cp_n_feature_nineteen_browse-bin%3A11301357031%2Cp_72%3A1318476031&rps=1&s=apparel&sr=1-8
Men's Regular Fit T-Shirt,https://www.amazon.in/Amazon-Brand-Regular-T-Shirt-AW17PLPO5-4_L_Multicolor4/dp/B073X4KMN7/ref=sr_1_9?pf_rd_i=1968024031&pf_rd_m=A1VBAL9TL5WCBF&pf_rd_p=3beec2e8-79cb-4dcd-8b87-d4d55f2ed002&pf_rd_r=NTNEZGBABGFV88FSCQHB&pf_rd_s=merchandised-search-7&qid=1684852332&refinements=p_85%3A10440599031%2Cp_n_pct-off-with-tax%3A27060457031%2Cp_n_feature_nineteen_browse-bin%3A11301357031%2Cp_72%3A1318476031&rps=1&s=apparel&sr=1-9
Pure Cotton Regular Fit Henley Neck Full Sleeve T-Shirt for Men & Boys (TSH_23_Henley_Black),https://www.amazon.in/Veirdo-Cotton-Regular-T-Shirt-TSH_23_Henley_Black_L_Black_Large/dp/B08VDYQ8HV/ref=sr_1_10?pf_rd_i=1968024031&pf_rd_m=A1VBAL9TL5WCBF&pf_rd_p=3beec2e8-79cb-4dcd-8b87-d4d55f2ed002&pf_rd_r=NTNEZGBABGFV88FSCQHB&pf_rd_s=merchandised-search-7&qid=1684852332&refinements=p_85%3A10440599031%2Cp_n_pct-off-with-tax%3A27060457031%2Cp_n_feature_nineteen_browse-bin%3A11301357031%2Cp_72%3A1318476031&rps=1&s=apparel&sr=1-10
Men Peach Solid T-Shirt,https://www.amazon.in/Red-Tape-Embroidery-Regular-RHP0953_Peach/dp/B09RMPK9CN/ref=sr_1_11?pf_rd_i=1968024031&pf_rd_m=A1VBAL9TL5WCBF&pf_rd_p=3beec2e8-79cb-4dcd-8b87-d4d55f2ed002&pf_rd_r=NTNEZGBABGFV88FSCQHB&pf_rd_s=merchandised-search-7&qid=1684852332&refinements=p_85%3A10440599031%2Cp_n_pct-off-with-tax%3A27060457031%2Cp_n_feature_nineteen_browse-bin%3A11301357031%2Cp_72%3A1318476031&rps=1&s=apparel&sr=1-11
Men's Pista Round Neck Pure Cotton Graphic Print T-Shirt,https://www.amazon.in/Red-Tape-Cotton-Graphic-T-Shirt_RHP0986A-L/dp/B0BTSJMTR2/ref=sr_1_12?pf_rd_i=1968024031&pf_rd_m=A1VBAL9TL5WCBF&pf_rd_p=3beec2e8-79cb-4dcd-8b87-d4d55f2ed002&pf_rd_r=NTNEZGBABGFV88FSCQHB&pf_rd_s=merchandised-search-7&qid=1684852332&refinements=p_85%3A10440599031%2Cp_n_pct-off-with-tax%3A27060457031%2Cp_n_feature_nineteen_browse-bin%3A11301357031%2Cp_72%3A1318476031&rps=1&s=apparel&sr=1-12
Men's Regular Fit T-Shirt,https://www.amazon.in/Veirdo-Mens-Cotton-T-Shirt-Black/dp/B07F5DB3HB/ref=sr_1_13?pf_rd_i=1968024031&pf_rd_m=A1VBAL9TL5WCBF&pf_rd_p=3beec2e8-79cb-4dcd-8b87-d4d55f2ed002&pf_rd_r=NTNEZGBABGFV88FSCQHB&pf_rd_s=merchandised-search-7&qid=1684852332&refinements=p_85%3A10440599031%2Cp_n_pct-off-with-tax%3A27060457031%2Cp_n_feature_nineteen_browse-bin%3A11301357031%2Cp_72%3A1318476031&rps=1&s=apparel&sr=1-13
Men's Cotton Round Neck Half Sleeve Regular Fit Floral Printed Combo T-Shirt-Pack of 2,https://www.amazon.in/Veirdo-Cotton-Sleeve-Regular-T-Shirt/dp/B09FTKSZPH/ref=sr_1_14?pf_rd_i=1968024031&pf_rd_m=A1VBAL9TL5WCBF&pf_rd_p=3beec2e8-79cb-4dcd-8b87-d4d55f2ed002&pf_rd_r=NTNEZGBABGFV88FSCQHB&pf_rd_s=merchandised-search-7&qid=1684852332&refinements=p_85%3A10440599031%2Cp_n_pct-off-with-tax%3A27060457031%2Cp_n_feature_nineteen_browse-bin%3A11301357031%2Cp_72%3A1318476031&rps=1&s=apparel&sr=1-14
Men's Regular Polo Shirt (74700-0098_Mossy Green/Golden Oak S),https://www.amazon.in/Levis-Regular-Shirt-74700-0098_Mossy-Golden/dp/B09RSXW2SW/ref=sr_1_15?pf_rd_i=1968024031&pf_rd_m=A1VBAL9TL5WCBF&pf_rd_p=3beec2e8-79cb-4dcd-8b87-d4d55f2ed002&pf_rd_r=NTNEZGBABGFV88FSCQHB&pf_rd_s=merchandised-search-7&qid=1684852332&refinements=p_85%3A10440599031%2Cp_n_pct-off-with-tax%3A27060457031%2Cp_n_feature_nineteen_browse-bin%3A11301357031%2Cp_72%3A1318476031&rps=1&s=apparel&sr=1-15
Men T-Shirt,https://www.amazon.in/Amazon-Brand-Symactive-Relaxed-AW21-SYM-MT-02_Jet/dp/B09BNH6Q8X/ref=sr_1_16?pf_rd_i=1968024031&pf_rd_m=A1VBAL9TL5WCBF&pf_rd_p=3beec2e8-79cb-4dcd-8b87-d4d55f2ed002&pf_rd_r=NTNEZGBABGFV88FSCQHB&pf_rd_s=merchandised-search-7&qid=1684852332&refinements=p_85%3A10440599031%2Cp_n_pct-off-with-tax%3A27060457031%2Cp_n_feature_nineteen_browse-bin%3A11301357031%2Cp_72%3A1318476031&rps=1&s=apparel&sr=1-16
Men's Regular T-Shirt (UDTSH0370_Black Small),https://www.amazon.in/USPA-Solid-Regular-T-Shirt-UDTSH0370_Black/dp/B08VRYS5NN/ref=sr_1_17?pf_rd_i=1968024031&pf_rd_m=A1VBAL9TL5WCBF&pf_rd_p=3beec2e8-79cb-4dcd-8b87-d4d55f2ed002&pf_rd_r=NTNEZGBABGFV88FSCQHB&pf_rd_s=merchandised-search-7&qid=1684852332&refinements=p_85%3A10440599031%2Cp_n_pct-off-with-tax%3A27060457031%2Cp_n_feature_nineteen_browse-bin%3A11301357031%2Cp_72%3A1318476031&rps=1&s=apparel&sr=1-17
Oversized Cottonblend Half Sleeve Printed Mens T-Shirts,https://www.amazon.in/LEOTUDE-Oversized-Cotton-Sleeve-T-Shirts/dp/B0BDDN3JMT/ref=sr_1_18?pf_rd_i=1968024031&pf_rd_m=A1VBAL9TL5WCBF&pf_rd_p=3beec2e8-79cb-4dcd-8b87-d4d55f2ed002&pf_rd_r=NTNEZGBABGFV88FSCQHB&pf_rd_s=merchandised-search-7&qid=1684852332&refinements=p_85%3A10440599031%2Cp_n_pct-off-with-tax%3A27060457031%2Cp_n_feature_nineteen_browse-bin%3A11301357031%2Cp_72%3A1318476031&rps=1&s=apparel&sr=1-18
Men T-Shirt,https://www.amazon.in/Amazon-Brand-Symactive-Regular-AW17-SYSP-03A_White/dp/B09L895CZ4/ref=sr_1_19?pf_rd_i=1968024031&pf_rd_m=A1VBAL9TL5WCBF&pf_rd_p=3beec2e8-79cb-4dcd-8b87-d4d55f2ed002&pf_rd_r=NTNEZGBABGFV88FSCQHB&pf_rd_s=merchandised-search-7&qid=1684852332&refinements=p_85%3A10440599031%2Cp_n_pct-off-with-tax%3A27060457031%2Cp_n_feature_nineteen_browse-bin%3A11301357031%2Cp_72%3A1318476031&rps=1&s=apparel&sr=1-19
Men Polo Shirt,https://www.amazon.in/Symbol-Mens-Solid-Regular-AW19MCPO_White_S/dp/B07SJ5D3F4/ref=sr_1_20?pf_rd_i=1968024031&pf_rd_m=A1VBAL9TL5WCBF&pf_rd_p=3beec2e8-79cb-4dcd-8b87-d4d55f2ed002&pf_rd_r=NTNEZGBABGFV88FSCQHB&pf_rd_s=merchandised-search-7&qid=1684852332&refinements=p_85%3A10440599031%2Cp_n_pct-off-with-tax%3A27060457031%2Cp_n_feature_nineteen_browse-bin%3A11301357031%2Cp_72%3A1318476031&rps=1&s=apparel&sr=1-20
Men's Oversized Multicolor Printed T-Shirt Combo (Pack of 2),https://www.amazon.in/Veirdo%C2%AE-Oversized-Multicolor-Printed-T-Shirt/dp/B0B9SPKSM7/ref=sr_1_21?pf_rd_i=1968024031&pf_rd_m=A1VBAL9TL5WCBF&pf_rd_p=3beec2e8-79cb-4dcd-8b87-d4d55f2ed002&pf_rd_r=NTNEZGBABGFV88FSCQHB&pf_rd_s=merchandised-search-7&qid=1684852332&refinements=p_85%3A10440599031%2Cp_n_pct-off-with-tax%3A27060457031%2Cp_n_feature_nineteen_browse-bin%3A11301357031%2Cp_72%3A1318476031&rps=1&s=apparel&sr=1-21
Black Graphic Print Pure Cotton Men's T-Shirt,https://www.amazon.in/Red-Tape-Graphic-Cotton-T-Shirt_RHP1071-M/dp/B0C1CHP574/ref=sr_1_22?pf_rd_i=1968024031&pf_rd_m=A1VBAL9TL5WCBF&pf_rd_p=3beec2e8-79cb-4dcd-8b87-d4d55f2ed002&pf_rd_r=NTNEZGBABGFV88FSCQHB&pf_rd_s=merchandised-search-7&qid=1684852332&refinements=p_85%3A10440599031%2Cp_n_pct-off-with-tax%3A27060457031%2Cp_n_feature_nineteen_browse-bin%3A11301357031%2Cp_72%3A1318476031&rps=1&s=apparel&sr=1-22
Men T-Shirt,https://www.amazon.in/Amazon-Brand-Symbol-Regular-SYM-SS22-TSH-04_Peach/dp/B09PNL1112/ref=sr_1_23?pf_rd_i=1968024031&pf_rd_m=A1VBAL9TL5WCBF&pf_rd_p=3beec2e8-79cb-4dcd-8b87-d4d55f2ed002&pf_rd_r=NTNEZGBABGFV88FSCQHB&pf_rd_s=merchandised-search-7&qid=1684852332&refinements=p_85%3A10440599031%2Cp_n_pct-off-with-tax%3A27060457031%2Cp_n_feature_nineteen_browse-bin%3A11301357031%2Cp_72%3A1318476031&rps=1&s=apparel&sr=1-23
Men's Olive Solid Polo Collar Poly Cotton Melange T-Shirt,https://www.amazon.in/Red-Tape-Collar-Melange-T-Shirt_RHP1076A-L/dp/B0BTSJRL52/ref=sr_1_24?pf_rd_i=1968024031&pf_rd_m=A1VBAL9TL5WCBF&pf_rd_p=3beec2e8-79cb-4dcd-8b87-d4d55f2ed002&pf_rd_r=NTNEZGBABGFV88FSCQHB&pf_rd_s=merchandised-search-7&qid=1684852332&refinements=p_85%3A10440599031%2Cp_n_pct-off-with-tax%3A27060457031%2Cp_n_feature_nineteen_browse-bin%3A11301357031%2Cp_72%3A1318476031&rps=1&s=apparel&sr=1-24
Men's Regular Fit T-Shirt,https://www.amazon.in/Converse-Regular-T-Shirt-CONV-SS20-M-55-B_Jet/dp/B08CY2XL1L/ref=sr_1_25?pf_rd_i=1968024031&pf_rd_m=A1VBAL9TL5WCBF&pf_rd_p=3beec2e8-79cb-4dcd-8b87-d4d55f2ed002&pf_rd_r=NTNEZGBABGFV88FSCQHB&pf_rd_s=merchandised-search-7&qid=1684852332&refinements=p_85%3A10440599031%2Cp_n_pct-off-with-tax%3A27060457031%2Cp_n_feature_nineteen_browse-bin%3A11301357031%2Cp_72%3A1318476031&rps=1&s=apparel&sr=1-25
Men's Regular Fit Tank Top,https://www.amazon.in/Veirdo-Printed-Cotton-T-Shirt-Green/dp/B084TKPQ23/ref=sr_1_26?pf_rd_i=1968024031&pf_rd_m=A1VBAL9TL5WCBF&pf_rd_p=3beec2e8-79cb-4dcd-8b87-d4d55f2ed002&pf_rd_r=NTNEZGBABGFV88FSCQHB&pf_rd_s=merchandised-search-7&qid=1684852332&refinements=p_85%3A10440599031%2Cp_n_pct-off-with-tax%3A27060457031%2Cp_n_feature_nineteen_browse-bin%3A11301357031%2Cp_72%3A1318476031&rps=1&s=apparel&sr=1-26
Men's White Round Neck Pure Cotton Graphic Print T-Shirt,https://www.amazon.in/Red-Tape-Cotton-Graphic-T-Shirt_RHP0925A-XL/dp/B0BTSLXJCS/ref=sr_1_27?pf_rd_i=1968024031&pf_rd_m=A1VBAL9TL5WCBF&pf_rd_p=3beec2e8-79cb-4dcd-8b87-d4d55f2ed002&pf_rd_r=NTNEZGBABGFV88FSCQHB&pf_rd_s=merchandised-search-7&qid=1684852332&refinements=p_85%3A10440599031%2Cp_n_pct-off-with-tax%3A27060457031%2Cp_n_feature_nineteen_browse-bin%3A11301357031%2Cp_72%3A1318476031&rps=1&s=apparel&sr=1-27
Men T-Shirt,https://www.amazon.in/Levis-Mens-Regular-T-Shirt-74700-0067S_Green/dp/B09711WD9G/ref=sr_1_28?pf_rd_i=1968024031&pf_rd_m=A1VBAL9TL5WCBF&pf_rd_p=3beec2e8-79cb-4dcd-8b87-d4d55f2ed002&pf_rd_r=NTNEZGBABGFV88FSCQHB&pf_rd_s=merchandised-search-7&qid=1684852332&refinements=p_85%3A10440599031%2Cp_n_pct-off-with-tax%3A27060457031%2Cp_n_feature_nineteen_browse-bin%3A11301357031%2Cp_72%3A1318476031&rps=1&s=apparel&sr=1-28
Overize and Loose Fit Half Sleeves Printed Tshirt for Men (Pack of 2),https://www.amazon.in/Veirdo%C2%AE-Oversize-Graphic-Printed-PO2_OSVEIRDORB_OSSMILELLC_L/dp/B0BDFZM65M/ref=sr_1_29?pf_rd_i=1968024031&pf_rd_m=A1VBAL9TL5WCBF&pf_rd_p=3beec2e8-79cb-4dcd-8b87-d4d55f2ed002&pf_rd_r=NTNEZGBABGFV88FSCQHB&pf_rd_s=merchandised-search-7&qid=1684852332&refinements=p_85%3A10440599031%2Cp_n_pct-off-with-tax%3A27060457031%2Cp_n_feature_nineteen_browse-bin%3A11301357031%2Cp_72%3A1318476031&rps=1&s=apparel&sr=1-29
Pure Cotton Oversized Loose Baggy Fit Drop Shoulder Round Neck Lilac Color Half Sleeve Cool Smiley Graphic Printed Unisex T-Shirt for Men & Women,https://www.amazon.in/Veirdo%C2%AE-Oversized-Shoulder-Graphic-Printed/dp/B0BP7SH734/ref=sr_1_30?pf_rd_i=1968024031&pf_rd_m=A1VBAL9TL5WCBF&pf_rd_p=3beec2e8-79cb-4dcd-8b87-d4d55f2ed002&pf_rd_r=NTNEZGBABGFV88FSCQHB&pf_rd_s=merchandised-search-7&qid=1684852332&refinements=p_85%3A10440599031%2Cp_n_pct-off-with-tax%3A27060457031%2Cp_n_feature_nineteen_browse-bin%3A11301357031%2Cp_72%3A1318476031&rps=1&s=apparel&sr=1-30
Men's Cottonblend Half Sleeve Back Print Oversized T-Shirt (Color Mustard),https://www.amazon.in/LEOTUDE-Oversized-Sleeve-Round-FS49_BLK_FERLS_P_Black_M/dp/B0C2453Z3V/ref=sr_1_31?pf_rd_i=1968024031&pf_rd_m=A1VBAL9TL5WCBF&pf_rd_p=3beec2e8-79cb-4dcd-8b87-d4d55f2ed002&pf_rd_r=NTNEZGBABGFV88FSCQHB&pf_rd_s=merchandised-search-7&qid=1684852332&refinements=p_85%3A10440599031%2Cp_n_pct-off-with-tax%3A27060457031%2Cp_n_feature_nineteen_browse-bin%3A11301357031%2Cp_72%3A1318476031&rps=1&s=apparel&sr=1-31
Men T-Shirt,https://www.amazon.in/Red-Tape-T-Shirt-Comfortable-Breathable_RHP1256-XXL/dp/B0BSRZBCSH/ref=sr_1_32?pf_rd_i=1968024031&pf_rd_m=A1VBAL9TL5WCBF&pf_rd_p=3beec2e8-79cb-4dcd-8b87-d4d55f2ed002&pf_rd_r=NTNEZGBABGFV88FSCQHB&pf_rd_s=merchandised-search-7&qid=1684852332&refinements=p_85%3A10440599031%2Cp_n_pct-off-with-tax%3A27060457031%2Cp_n_feature_nineteen_browse-bin%3A11301357031%2Cp_72%3A1318476031&rps=1&s=apparel&sr=1-32
Men Solid Raglan Regular Fit Gym T-Shirt,https://www.amazon.in/CHKOKKO-Raglan-Regular-T-Shirt-BLACKSND/dp/B0BTP6SGYT/ref=sr_1_33?pf_rd_i=1968024031&pf_rd_m=A1VBAL9TL5WCBF&pf_rd_p=3beec2e8-79cb-4dcd-8b87-d4d55f2ed002&pf_rd_r=NTNEZGBABGFV88FSCQHB&pf_rd_s=merchandised-search-7&qid=1684852332&refinements=p_85%3A10440599031%2Cp_n_pct-off-with-tax%3A27060457031%2Cp_n_feature_nineteen_browse-bin%3A11301357031%2Cp_72%3A1318476031&rps=1&s=apparel&sr=1-33
Round Neck T-Shirt for Men | Comfortable & Breathable,https://www.amazon.in/Red-Tape-Comfortable-Breathable_RHP1694-L-Turquoise/dp/B0BSNG4QWH/ref=sr_1_34?pf_rd_i=1968024031&pf_rd_m=A1VBAL9TL5WCBF&pf_rd_p=3beec2e8-79cb-4dcd-8b87-d4d55f2ed002&pf_rd_r=NTNEZGBABGFV88FSCQHB&pf_rd_s=merchandised-search-7&qid=1684852332&refinements=p_85%3A10440599031%2Cp_n_pct-off-with-tax%3A27060457031%2Cp_n_feature_nineteen_browse-bin%3A11301357031%2Cp_72%3A1318476031&rps=1&s=apparel&sr=1-34
"Gym Vests for Men Workout, Sleveless T-Tops for Men, Sandow Vests for Men, Sleveless Men's T-Shirt, Stylish Printed Sando for Men, Cotton Sleeveless Tshirt for Men",https://www.amazon.in/Veirdo-Regular-Blocked-T-Shirt-TSH_G5-32_NYW_XXL_Multicolored_XX-Large/dp/B08THSSHQD/ref=sr_1_35?pf_rd_i=1968024031&pf_rd_m=A1VBAL9TL5WCBF&pf_rd_p=3beec2e8-79cb-4dcd-8b87-d4d55f2ed002&pf_rd_r=NTNEZGBABGFV88FSCQHB&pf_rd_s=merchandised-search-7&qid=1684852332&refinements=p_85%3A10440599031%2Cp_n_pct-off-with-tax%3A27060457031%2Cp_n_feature_nineteen_browse-bin%3A11301357031%2Cp_72%3A1318476031&rps=1&s=apparel&sr=1-35
Men's Regular Fit T-Shirt,https://www.amazon.in/Amazon-Brand-Symbol-T-Shirt-AW17PLPO2-6_XXL_Multicolor6/dp/B073X2RYQT/ref=sr_1_36?pf_rd_i=1968024031&pf_rd_m=A1VBAL9TL5WCBF&pf_rd_p=3beec2e8-79cb-4dcd-8b87-d4d55f2ed002&pf_rd_r=NTNEZGBABGFV88FSCQHB&pf_rd_s=merchandised-search-7&qid=1684852332&refinements=p_85%3A10440599031%2Cp_n_pct-off-with-tax%3A27060457031%2Cp_n_feature_nineteen_browse-bin%3A11301357031%2Cp_72%3A1318476031&rps=1&s=apparel&sr=1-36
"Men's Oversized Printed t-Shirt (S, Multicolored)",https://www.amazon.in/Veirdo-Oversized-Printed-t-Shirt-Multicolored/dp/B09TXJTCYH/ref=sr_1_37?pf_rd_i=1968024031&pf_rd_m=A1VBAL9TL5WCBF&pf_rd_p=3beec2e8-79cb-4dcd-8b87-d4d55f2ed002&pf_rd_r=NTNEZGBABGFV88FSCQHB&pf_rd_s=merchandised-search-7&qid=1684852332&refinements=p_85%3A10440599031%2Cp_n_pct-off-with-tax%3A27060457031%2Cp_n_feature_nineteen_browse-bin%3A11301357031%2Cp_72%3A1318476031&rps=1&s=apparel&sr=1-37
Men's Regular Fit Polo Shirt,https://www.amazon.in/Levis-Mens-Regular-Shirt-A2549-0000_Surf/dp/B09RSTB1FQ/ref=sr_1_38?pf_rd_i=1968024031&pf_rd_m=A1VBAL9TL5WCBF&pf_rd_p=3beec2e8-79cb-4dcd-8b87-d4d55f2ed002&pf_rd_r=NTNEZGBABGFV88FSCQHB&pf_rd_s=merchandised-search-7&qid=1684852332&refinements=p_85%3A10440599031%2Cp_n_pct-off-with-tax%3A27060457031%2Cp_n_feature_nineteen_browse-bin%3A11301357031%2Cp_72%3A1318476031&rps=1&s=apparel&sr=1-38
Men Full Sleeve Color Block Cotton T-Shirt,https://www.amazon.in/GRITSTONES-Turquoise-Sleeve-T-Shirt-GSFSTSHT2998TURQBLKWHT_XL/dp/B0BCQ4N65W/ref=sr_1_39?pf_rd_i=1968024031&pf_rd_m=A1VBAL9TL5WCBF&pf_rd_p=3beec2e8-79cb-4dcd-8b87-d4d55f2ed002&pf_rd_r=NTNEZGBABGFV88FSCQHB&pf_rd_s=merchandised-search-7&qid=1684852332&refinements=p_85%3A10440599031%2Cp_n_pct-off-with-tax%3A27060457031%2Cp_n_feature_nineteen_browse-bin%3A11301357031%2Cp_72%3A1318476031&rps=1&s=apparel&sr=1-39
Men Polo,https://www.amazon.in/Red-Tape-Solid-Regular-RHP1054_Blue/dp/B09SLTTJ3D/ref=sr_1_40?pf_rd_i=1968024031&pf_rd_m=A1VBAL9TL5WCBF&pf_rd_p=3beec2e8-79cb-4dcd-8b87-d4d55f2ed002&pf_rd_r=NTNEZGBABGFV88FSCQHB&pf_rd_s=merchandised-search-7&qid=1684852332&refinements=p_85%3A10440599031%2Cp_n_pct-off-with-tax%3A27060457031%2Cp_n_feature_nineteen_browse-bin%3A11301357031%2Cp_72%3A1318476031&rps=1&s=apparel&sr=1-40
Men's Polo Collar Solid T-Shirt,https://www.amazon.in/Red-Tape-Coral-Solid-T-Shirt_RHP0669-M/dp/B0BDM7DLMZ/ref=sr_1_41?pf_rd_i=1968024031&pf_rd_m=A1VBAL9TL5WCBF&pf_rd_p=3beec2e8-79cb-4dcd-8b87-d4d55f2ed002&pf_rd_r=NTNEZGBABGFV88FSCQHB&pf_rd_s=merchandised-search-7&qid=1684852332&refinements=p_85%3A10440599031%2Cp_n_pct-off-with-tax%3A27060457031%2Cp_n_feature_nineteen_browse-bin%3A11301357031%2Cp_72%3A1318476031&rps=1&s=apparel&sr=1-41
Men's Solid Regular fit T-Shirt,https://www.amazon.in/Amazon-Brand-Regular-T-Shirt-AW19TEE24_Lt/dp/B08JDRNPXT/ref=sr_1_42?pf_rd_i=1968024031&pf_rd_m=A1VBAL9TL5WCBF&pf_rd_p=3beec2e8-79cb-4dcd-8b87-d4d55f2ed002&pf_rd_r=NTNEZGBABGFV88FSCQHB&pf_rd_s=merchandised-search-7&qid=1684852332&refinements=p_85%3A10440599031%2Cp_n_pct-off-with-tax%3A27060457031%2Cp_n_feature_nineteen_browse-bin%3A11301357031%2Cp_72%3A1318476031&rps=1&s=apparel&sr=1-42
Men T-Shirt,https://www.amazon.in/Amazon-Brand-Symbol-Regular-SYM-SS22-TSH-13_Peach/dp/B09PNLZ9R9/ref=sr_1_43?pf_rd_i=1968024031&pf_rd_m=A1VBAL9TL5WCBF&pf_rd_p=3beec2e8-79cb-4dcd-8b87-d4d55f2ed002&pf_rd_r=NTNEZGBABGFV88FSCQHB&pf_rd_s=merchandised-search-7&qid=1684852332&refinements=p_85%3A10440599031%2Cp_n_pct-off-with-tax%3A27060457031%2Cp_n_feature_nineteen_browse-bin%3A11301357031%2Cp_72%3A1318476031&rps=1&s=apparel&sr=1-43
Men's Printed Slim Fit T-Shirt,https://www.amazon.in/Spykar-Printed-Blended-T-Shirt-A21MKT02BA147BU003/dp/B09H5KCQVD/ref=sr_1_44?pf_rd_i=1968024031&pf_rd_m=A1VBAL9TL5WCBF&pf_rd_p=3beec2e8-79cb-4dcd-8b87-d4d55f2ed002&pf_rd_r=NTNEZGBABGFV88FSCQHB&pf_rd_s=merchandised-search-7&qid=1684852332&refinements=p_85%3A10440599031%2Cp_n_pct-off-with-tax%3A27060457031%2Cp_n_feature_nineteen_browse-bin%3A11301357031%2Cp_72%3A1318476031&rps=1&s=apparel&sr=1-44
Round Neck T-Shirt for Men | Comfortable & Breathable,https://www.amazon.in/Red-Tape-Comfortable-Breathable_RHP0465-M-Off-White/dp/B0BSNFM1YW/ref=sr_1_45?pf_rd_i=1968024031&pf_rd_m=A1VBAL9TL5WCBF&pf_rd_p=3beec2e8-79cb-4dcd-8b87-d4d55f2ed002&pf_rd_r=NTNEZGBABGFV88FSCQHB&pf_rd_s=merchandised-search-7&qid=1684852332&refinements=p_85%3A10440599031%2Cp_n_pct-off-with-tax%3A27060457031%2Cp_n_feature_nineteen_browse-bin%3A11301357031%2Cp_72%3A1318476031&rps=1&s=apparel&sr=1-45
Men's Regular Fit Polo,https://www.amazon.in/Red-Tape-Solid-Regular-RHP1034_Blue/dp/B09SLW7GQJ/ref=sr_1_46?pf_rd_i=1968024031&pf_rd_m=A1VBAL9TL5WCBF&pf_rd_p=3beec2e8-79cb-4dcd-8b87-d4d55f2ed002&pf_rd_r=NTNEZGBABGFV88FSCQHB&pf_rd_s=merchandised-search-7&qid=1684852332&refinements=p_85%3A10440599031%2Cp_n_pct-off-with-tax%3A27060457031%2Cp_n_feature_nineteen_browse-bin%3A11301357031%2Cp_72%3A1318476031&rps=1&s=apparel&sr=1-46
Men T-Shirt,https://www.amazon.in/Red-Tape-Regular-T-Shirt-RHP1104_Powder/dp/B09WRDWF5Z/ref=sr_1_47?pf_rd_i=1968024031&pf_rd_m=A1VBAL9TL5WCBF&pf_rd_p=3beec2e8-79cb-4dcd-8b87-d4d55f2ed002&pf_rd_r=NTNEZGBABGFV88FSCQHB&pf_rd_s=merchandised-search-7&qid=1684852332&refinements=p_85%3A10440599031%2Cp_n_pct-off-with-tax%3A27060457031%2Cp_n_feature_nineteen_browse-bin%3A11301357031%2Cp_72%3A1318476031&rps=1&s=apparel&sr=1-47
Men's Striped Regular Polo Shirt (AZ-PO-09-S21-H_Jet Black + Port Olive M),https://www.amazon.in/Amazon-Brand-Inkast-Regular-AZ-PO-09-S21-H_Jet/dp/B097N8CT9S/ref=sr_1_48?pf_rd_i=1968024031&pf_rd_m=A1VBAL9TL5WCBF&pf_rd_p=3beec2e8-79cb-4dcd-8b87-d4d55f2ed002&pf_rd_r=NTNEZGBABGFV88FSCQHB&pf_rd_s=merchandised-search-7&qid=1684852332&refinements=p_85%3A10440599031%2Cp_n_pct-off-with-tax%3A27060457031%2Cp_n_feature_nineteen_browse-bin%3A11301357031%2Cp_72%3A1318476031&rps=1&s=apparel&sr=1-48
Men's Oversized Cottonblend Half Sleeve Drop Shoulder Tshirt (Color: Black),https://www.amazon.in/LEOTUDE-Oversized-Sleeve-Printed-FS49_BLK_Fearless_P_Black_XL/dp/B0C1VFLWBD/ref=sr_1_1?pf_rd_i=1968024031&pf_rd_m=A1VBAL9TL5WCBF&pf_rd_p=3beec2e8-79cb-4dcd-8b87-d4d55f2ed002&pf_rd_r=NTNEZGBABGFV88FSCQHB&pf_rd_s=merchandised-search-7&qid=1684852332&refinements=p_85%3A10440599031%2Cp_n_pct-off-with-tax%3A27060457031%2Cp_n_feature_nineteen_browse-bin%3A11301357031%2Cp_72%3A1318476031&rps=1&s=apparel&sr=1-1
Cotton Blend Half Sleeve Oversized Emoji Black Printed T-Shirts for Women,https://www.amazon.in/LEOTUDE-Oversize-Round-T-Shirt-GRL_FS49_EMOJI001_P_Black_L/dp/B0BTW328S4/ref=sr_1_2?pf_rd_i=1968024031&pf_rd_m=A1VBAL9TL5WCBF&pf_rd_p=3beec2e8-79cb-4dcd-8b87-d4d55f2ed002&pf_rd_r=NTNEZGBABGFV88FSCQHB&pf_rd_s=merchandised-search-7&qid=1684852332&refinements=p_85%3A10440599031%2Cp_n_pct-off-with-tax%3A27060457031%2Cp_n_feature_nineteen_browse-bin%3A11301357031%2Cp_72%3A1318476031&rps=1&s=apparel&sr=1-2
Men's Regular Fit T-Shirt,https://www.amazon.in/Amazon-Brand-Symbol-T-Shirt-AW17-SYSP-05A_X-Large_Orange/dp/B0721SW1YT/ref=sr_1_3?pf_rd_i=1968024031&pf_rd_m=A1VBAL9TL5WCBF&pf_rd_p=3beec2e8-79cb-4dcd-8b87-d4d55f2ed002&pf_rd_r=NTNEZGBABGFV88FSCQHB&pf_rd_s=merchandised-search-7&qid=1684852332&refinements=p_85%3A10440599031%2Cp_n_pct-off-with-tax%3A27060457031%2Cp_n_feature_nineteen_browse-bin%3A11301357031%2Cp_72%3A1318476031&rps=1&s=apparel&sr=1-3
Men's Regular Fit T-Shirt,https://www.amazon.in/Amazon-Brand-Symbol-T-Shirt-_SS19MNTEE02-D_Multicolor_L/dp/B07N1TDSML/ref=sr_1_4?pf_rd_i=1968024031&pf_rd_m=A1VBAL9TL5WCBF&pf_rd_p=3beec2e8-79cb-4dcd-8b87-d4d55f2ed002&pf_rd_r=NTNEZGBABGFV88FSCQHB&pf_rd_s=merchandised-search-7&qid=1684852332&refinements=p_85%3A10440599031%2Cp_n_pct-off-with-tax%3A27060457031%2Cp_n_feature_nineteen_browse-bin%3A11301357031%2Cp_72%3A1318476031&rps=1&s=apparel&sr=1-4
"Men Sleeveless Tshirt, Printed Vest for Men, Cotton Sando for Gym, Cycling, Running, & Other Sports",https://www.amazon.in/Veirdo-Mens-Cotton-Tshirt/dp/B07NL679MP/ref=sr_1_5?pf_rd_i=1968024031&pf_rd_m=A1VBAL9TL5WCBF&pf_rd_p=3beec2e8-79cb-4dcd-8b87-d4d55f2ed002&pf_rd_r=NTNEZGBABGFV88FSCQHB&pf_rd_s=merchandised-search-7&qid=1684852332&refinements=p_85%3A10440599031%2Cp_n_pct-off-with-tax%3A27060457031%2Cp_n_feature_nineteen_browse-bin%3A11301357031%2Cp_72%3A1318476031&rps=1&s=apparel&sr=1-5
Oversize Loose Fit Round Neck Half Sleeve T-Shirt for Men (Pack of 2),https://www.amazon.in/Veirdo%C2%AE-Oversized-Printed-T-Shirt-Multicolour/dp/B0B84QK9NK/ref=sr_1_6?pf_rd_i=1968024031&pf_rd_m=A1VBAL9TL5WCBF&pf_rd_p=3beec2e8-79cb-4dcd-8b87-d4d55f2ed002&pf_rd_r=NTNEZGBABGFV88FSCQHB&pf_rd_s=merchandised-search-7&qid=1684852332&refinements=p_85%3A10440599031%2Cp_n_pct-off-with-tax%3A27060457031%2Cp_n_feature_nineteen_browse-bin%3A11301357031%2Cp_72%3A1318476031&rps=1&s=apparel&sr=1-6
Men Peach Solid T-Shirt,https://www.amazon.in/Red-Tape-Regular-T-Shirt-RHP0883_Peach/dp/B09QYW3KTZ/ref=sr_1_7?pf_rd_i=1968024031&pf_rd_m=A1VBAL9TL5WCBF&pf_rd_p=3beec2e8-79cb-4dcd-8b87-d4d55f2ed002&pf_rd_r=NTNEZGBABGFV88FSCQHB&pf_rd_s=merchandised-search-7&qid=1684852332&refinements=p_85%3A10440599031%2Cp_n_pct-off-with-tax%3A27060457031%2Cp_n_feature_nineteen_browse-bin%3A11301357031%2Cp_72%3A1318476031&rps=1&s=apparel&sr=1-7
Mens Attack on Titan Cotton T-Shirt,https://www.amazon.in/ADRO-Attack-Titan-Cotton-T-Shirt/dp/B0B4PD2VHP/ref=sr_1_8?pf_rd_i=1968024031&pf_rd_m=A1VBAL9TL5WCBF&pf_rd_p=3beec2e8-79cb-4dcd-8b87-d4d55f2ed002&pf_rd_r=NTNEZGBABGFV88FSCQHB&pf_rd_s=merchandised-search-7&qid=1684852332&refinements=p_85%3A10440599031%2Cp_n_pct-off-with-tax%3A27060457031%2Cp_n_feature_nineteen_browse-bin%3A11301357031%2Cp_72%3A1318476031&rps=1&s=apparel&sr=1-8
Men's Regular Fit T-Shirt,https://www.amazon.in/Amazon-Brand-Regular-T-Shirt-AW17PLPO5-4_L_Multicolor4/dp/B073X4KMN7/ref=sr_1_9?pf_rd_i=1968024031&pf_rd_m=A1VBAL9TL5WCBF&pf_rd_p=3beec2e8-79cb-4dcd-8b87-d4d55f2ed002&pf_rd_r=NTNEZGBABGFV88FSCQHB&pf_rd_s=merchandised-search-7&qid=1684852332&refinements=p_85%3A10440599031%2Cp_n_pct-off-with-tax%3A27060457031%2Cp_n_feature_nineteen_browse-bin%3A11301357031%2Cp_72%3A1318476031&rps=1&s=apparel&sr=1-9
Pure Cotton Regular Fit Henley Neck Full Sleeve T-Shirt for Men & Boys (TSH_23_Henley_Black),https://www.amazon.in/Veirdo-Cotton-Regular-T-Shirt-TSH_23_Henley_Black_L_Black_Large/dp/B08VDYQ8HV/ref=sr_1_10?pf_rd_i=1968024031&pf_rd_m=A1VBAL9TL5WCBF&pf_rd_p=3beec2e8-79cb-4dcd-8b87-d4d55f2ed002&pf_rd_r=NTNEZGBABGFV88FSCQHB&pf_rd_s=merchandised-search-7&qid=1684852332&refinements=p_85%3A10440599031%2Cp_n_pct-off-with-tax%3A27060457031%2Cp_n_feature_nineteen_browse-bin%3A11301357031%2Cp_72%3A1318476031&rps=1&s=apparel&sr=1-10
Men Peach Solid T-Shirt,https://www.amazon.in/Red-Tape-Embroidery-Regular-RHP0953_Peach/dp/B09RMPK9CN/ref=sr_1_11?pf_rd_i=1968024031&pf_rd_m=A1VBAL9TL5WCBF&pf_rd_p=3beec2e8-79cb-4dcd-8b87-d4d55f2ed002&pf_rd_r=NTNEZGBABGFV88FSCQHB&pf_rd_s=merchandised-search-7&qid=1684852332&refinements=p_85%3A10440599031%2Cp_n_pct-off-with-tax%3A27060457031%2Cp_n_feature_nineteen_browse-bin%3A11301357031%2Cp_72%3A1318476031&rps=1&s=apparel&sr=1-11
Men's Pista Round Neck Pure Cotton Graphic Print T-Shirt,https://www.amazon.in/Red-Tape-Cotton-Graphic-T-Shirt_RHP0986A-L/dp/B0BTSJMTR2/ref=sr_1_12?pf_rd_i=1968024031&pf_rd_m=A1VBAL9TL5WCBF&pf_rd_p=3beec2e8-79cb-4dcd-8b87-d4d55f2ed002&pf_rd_r=NTNEZGBABGFV88FSCQHB&pf_rd_s=merchandised-search-7&qid=1684852332&refinements=p_85%3A10440599031%2Cp_n_pct-off-with-tax%3A27060457031%2Cp_n_feature_nineteen_browse-bin%3A11301357031%2Cp_72%3A1318476031&rps=1&s=apparel&sr=1-12
Men's Regular Fit T-Shirt,https://www.amazon.in/Veirdo-Mens-Cotton-T-Shirt-Black/dp/B07F5DB3HB/ref=sr_1_13?pf_rd_i=1968024031&pf_rd_m=A1VBAL9TL5WCBF&pf_rd_p=3beec2e8-79cb-4dcd-8b87-d4d55f2ed002&pf_rd_r=NTNEZGBABGFV88FSCQHB&pf_rd_s=merchandised-search-7&qid=1684852332&refinements=p_85%3A10440599031%2Cp_n_pct-off-with-tax%3A27060457031%2Cp_n_feature_nineteen_browse-bin%3A11301357031%2Cp_72%3A1318476031&rps=1&s=apparel&sr=1-13
Men's Cotton Round Neck Half Sleeve Regular Fit Floral Printed Combo T-Shirt-Pack of 2,https://www.amazon.in/Veirdo-Cotton-Sleeve-Regular-T-Shirt/dp/B09FTKSZPH/ref=sr_1_14?pf_rd_i=1968024031&pf_rd_m=A1VBAL9TL5WCBF&pf_rd_p=3beec2e8-79cb-4dcd-8b87-d4d55f2ed002&pf_rd_r=NTNEZGBABGFV88FSCQHB&pf_rd_s=merchandised-search-7&qid=1684852332&refinements=p_85%3A10440599031%2Cp_n_pct-off-with-tax%3A27060457031%2Cp_n_feature_nineteen_browse-bin%3A11301357031%2Cp_72%3A1318476031&rps=1&s=apparel&sr=1-14
Men's Regular Polo Shirt (74700-0098_Mossy Green/Golden Oak S),https://www.amazon.in/Levis-Regular-Shirt-74700-0098_Mossy-Golden/dp/B09RSXW2SW/ref=sr_1_15?pf_rd_i=1968024031&pf_rd_m=A1VBAL9TL5WCBF&pf_rd_p=3beec2e8-79cb-4dcd-8b87-d4d55f2ed002&pf_rd_r=NTNEZGBABGFV88FSCQHB&pf_rd_s=merchandised-search-7&qid=1684852332&refinements=p_85%3A10440599031%2Cp_n_pct-off-with-tax%3A27060457031%2Cp_n_feature_nineteen_browse-bin%3A11301357031%2Cp_72%3A1318476031&rps=1&s=apparel&sr=1-15
Men T-Shirt,https://www.amazon.in/Amazon-Brand-Symactive-Relaxed-AW21-SYM-MT-02_Jet/dp/B09BNH6Q8X/ref=sr_1_16?pf_rd_i=1968024031&pf_rd_m=A1VBAL9TL5WCBF&pf_rd_p=3beec2e8-79cb-4dcd-8b87-d4d55f2ed002&pf_rd_r=NTNEZGBABGFV88FSCQHB&pf_rd_s=merchandised-search-7&qid=1684852332&refinements=p_85%3A10440599031%2Cp_n_pct-off-with-tax%3A27060457031%2Cp_n_feature_nineteen_browse-bin%3A11301357031%2Cp_72%3A1318476031&rps=1&s=apparel&sr=1-16
Men's Regular T-Shirt (UDTSH0370_Black Small),https://www.amazon.in/USPA-Solid-Regular-T-Shirt-UDTSH0370_Black/dp/B08VRYS5NN/ref=sr_1_17?pf_rd_i=1968024031&pf_rd_m=A1VBAL9TL5WCBF&pf_rd_p=3beec2e8-79cb-4dcd-8b87-d4d55f2ed002&pf_rd_r=NTNEZGBABGFV88FSCQHB&pf_rd_s=merchandised-search-7&qid=1684852332&refinements=p_85%3A10440599031%2Cp_n_pct-off-with-tax%3A27060457031%2Cp_n_feature_nineteen_browse-bin%3A11301357031%2Cp_72%3A1318476031&rps=1&s=apparel&sr=1-17
Oversized Cottonblend Half Sleeve Printed Mens T-Shirts,https://www.amazon.in/LEOTUDE-Oversized-Cotton-Sleeve-T-Shirts/dp/B0BDDN3JMT/ref=sr_1_18?pf_rd_i=1968024031&pf_rd_m=A1VBAL9TL5WCBF&pf_rd_p=3beec2e8-79cb-4dcd-8b87-d4d55f2ed002&pf_rd_r=NTNEZGBABGFV88FSCQHB&pf_rd_s=merchandised-search-7&qid=1684852332&refinements=p_85%3A10440599031%2Cp_n_pct-off-with-tax%3A27060457031%2Cp_n_feature_nineteen_browse-bin%3A11301357031%2Cp_72%3A1318476031&rps=1&s=apparel&sr=1-18
Men T-Shirt,https://www.amazon.in/Amazon-Brand-Symactive-Regular-AW17-SYSP-03A_White/dp/B09L895CZ4/ref=sr_1_19?pf_rd_i=1968024031&pf_rd_m=A1VBAL9TL5WCBF&pf_rd_p=3beec2e8-79cb-4dcd-8b87-d4d55f2ed002&pf_rd_r=NTNEZGBABGFV88FSCQHB&pf_rd_s=merchandised-search-7&qid=1684852332&refinements=p_85%3A10440599031%2Cp_n_pct-off-with-tax%3A27060457031%2Cp_n_feature_nineteen_browse-bin%3A11301357031%2Cp_72%3A1318476031&rps=1&s=apparel&sr=1-19
Men Polo Shirt,https://www.amazon.in/Symbol-Mens-Solid-Regular-AW19MCPO_White_S/dp/B07SJ5D3F4/ref=sr_1_20?pf_rd_i=1968024031&pf_rd_m=A1VBAL9TL5WCBF&pf_rd_p=3beec2e8-79cb-4dcd-8b87-d4d55f2ed002&pf_rd_r=NTNEZGBABGFV88FSCQHB&pf_rd_s=merchandised-search-7&qid=1684852332&refinements=p_85%3A10440599031%2Cp_n_pct-off-with-tax%3A27060457031%2Cp_n_feature_nineteen_browse-bin%3A11301357031%2Cp_72%3A1318476031&rps=1&s=apparel&sr=1-20
Men's Oversized Multicolor Printed T-Shirt Combo (Pack of 2),https://www.amazon.in/Veirdo%C2%AE-Oversized-Multicolor-Printed-T-Shirt/dp/B0B9SPKSM7/ref=sr_1_21?pf_rd_i=1968024031&pf_rd_m=A1VBAL9TL5WCBF&pf_rd_p=3beec2e8-79cb-4dcd-8b87-d4d55f2ed002&pf_rd_r=NTNEZGBABGFV88FSCQHB&pf_rd_s=merchandised-search-7&qid=1684852332&refinements=p_85%3A10440599031%2Cp_n_pct-off-with-tax%3A27060457031%2Cp_n_feature_nineteen_browse-bin%3A11301357031%2Cp_72%3A1318476031&rps=1&s=apparel&sr=1-21
Black Graphic Print Pure Cotton Men's T-Shirt,https://www.amazon.in/Red-Tape-Graphic-Cotton-T-Shirt_RHP1071-M/dp/B0C1CHP574/ref=sr_1_22?pf_rd_i=1968024031&pf_rd_m=A1VBAL9TL5WCBF&pf_rd_p=3beec2e8-79cb-4dcd-8b87-d4d55f2ed002&pf_rd_r=NTNEZGBABGFV88FSCQHB&pf_rd_s=merchandised-search-7&qid=1684852332&refinements=p_85%3A10440599031%2Cp_n_pct-off-with-tax%3A27060457031%2Cp_n_feature_nineteen_browse-bin%3A11301357031%2Cp_72%3A1318476031&rps=1&s=apparel&sr=1-22
Men T-Shirt,https://www.amazon.in/Amazon-Brand-Symbol-Regular-SYM-SS22-TSH-04_Peach/dp/B09PNL1112/ref=sr_1_23?pf_rd_i=1968024031&pf_rd_m=A1VBAL9TL5WCBF&pf_rd_p=3beec2e8-79cb-4dcd-8b87-d4d55f2ed002&pf_rd_r=NTNEZGBABGFV88FSCQHB&pf_rd_s=merchandised-search-7&qid=1684852332&refinements=p_85%3A10440599031%2Cp_n_pct-off-with-tax%3A27060457031%2Cp_n_feature_nineteen_browse-bin%3A11301357031%2Cp_72%3A1318476031&rps=1&s=apparel&sr=1-23
Men's Olive Solid Polo Collar Poly Cotton Melange T-Shirt,https://www.amazon.in/Red-Tape-Collar-Melange-T-Shirt_RHP1076A-L/dp/B0BTSJRL52/ref=sr_1_24?pf_rd_i=1968024031&pf_rd_m=A1VBAL9TL5WCBF&pf_rd_p=3beec2e8-79cb-4dcd-8b87-d4d55f2ed002&pf_rd_r=NTNEZGBABGFV88FSCQHB&pf_rd_s=merchandised-search-7&qid=1684852332&refinements=p_85%3A10440599031%2Cp_n_pct-off-with-tax%3A27060457031%2Cp_n_feature_nineteen_browse-bin%3A11301357031%2Cp_72%3A1318476031&rps=1&s=apparel&sr=1-24
Men's Regular Fit T-Shirt,https://www.amazon.in/Converse-Regular-T-Shirt-CONV-SS20-M-55-B_Jet/dp/B08CY2XL1L/ref=sr_1_25?pf_rd_i=1968024031&pf_rd_m=A1VBAL9TL5WCBF&pf_rd_p=3beec2e8-79cb-4dcd-8b87-d4d55f2ed002&pf_rd_r=NTNEZGBABGFV88FSCQHB&pf_rd_s=merchandised-search-7&qid=1684852332&refinements=p_85%3A10440599031%2Cp_n_pct-off-with-tax%3A27060457031%2Cp_n_feature_nineteen_browse-bin%3A11301357031%2Cp_72%3A1318476031&rps=1&s=apparel&sr=1-25
Men's Regular Fit Tank Top,https://www.amazon.in/Veirdo-Printed-Cotton-T-Shirt-Green/dp/B084TKPQ23/ref=sr_1_26?pf_rd_i=1968024031&pf_rd_m=A1VBAL9TL5WCBF&pf_rd_p=3beec2e8-79cb-4dcd-8b87-d4d55f2ed002&pf_rd_r=NTNEZGBABGFV88FSCQHB&pf_rd_s=merchandised-search-7&qid=1684852332&refinements=p_85%3A10440599031%2Cp_n_pct-off-with-tax%3A27060457031%2Cp_n_feature_nineteen_browse-bin%3A11301357031%2Cp_72%3A1318476031&rps=1&s=apparel&sr=1-26
Men's White Round Neck Pure Cotton Graphic Print T-Shirt,https://www.amazon.in/Red-Tape-Cotton-Graphic-T-Shirt_RHP0925A-XL/dp/B0BTSLXJCS/ref=sr_1_27?pf_rd_i=1968024031&pf_rd_m=A1VBAL9TL5WCBF&pf_rd_p=3beec2e8-79cb-4dcd-8b87-d4d55f2ed002&pf_rd_r=NTNEZGBABGFV88FSCQHB&pf_rd_s=merchandised-search-7&qid=1684852332&refinements=p_85%3A10440599031%2Cp_n_pct-off-with-tax%3A27060457031%2Cp_n_feature_nineteen_browse-bin%3A11301357031%2Cp_72%3A1318476031&rps=1&s=apparel&sr=1-27
Men T-Shirt,https://www.amazon.in/Levis-Mens-Regular-T-Shirt-74700-0067S_Green/dp/B09711WD9G/ref=sr_1_28?pf_rd_i=1968024031&pf_rd_m=A1VBAL9TL5WCBF&pf_rd_p=3beec2e8-79cb-4dcd-8b87-d4d55f2ed002&pf_rd_r=NTNEZGBABGFV88FSCQHB&pf_rd_s=merchandised-search-7&qid=1684852332&refinements=p_85%3A10440599031%2Cp_n_pct-off-with-tax%3A27060457031%2Cp_n_feature_nineteen_browse-bin%3A11301357031%2Cp_72%3A1318476031&rps=1&s=apparel&sr=1-28
Overize and Loose Fit Half Sleeves Printed Tshirt for Men (Pack of 2),https://www.amazon.in/Veirdo%C2%AE-Oversize-Graphic-Printed-PO2_OSVEIRDORB_OSSMILELLC_L/dp/B0BDFZM65M/ref=sr_1_29?pf_rd_i=1968024031&pf_rd_m=A1VBAL9TL5WCBF&pf_rd_p=3beec2e8-79cb-4dcd-8b87-d4d55f2ed002&pf_rd_r=NTNEZGBABGFV88FSCQHB&pf_rd_s=merchandised-search-7&qid=1684852332&refinements=p_85%3A10440599031%2Cp_n_pct-off-with-tax%3A27060457031%2Cp_n_feature_nineteen_browse-bin%3A11301357031%2Cp_72%3A1318476031&rps=1&s=apparel&sr=1-29
Pure Cotton Oversized Loose Baggy Fit Drop Shoulder Round Neck Lilac Color Half Sleeve Cool Smiley Graphic Printed Unisex T-Shirt for Men & Women,https://www.amazon.in/Veirdo%C2%AE-Oversized-Shoulder-Graphic-Printed/dp/B0BP7SH734/ref=sr_1_30?pf_rd_i=1968024031&pf_rd_m=A1VBAL9TL5WCBF&pf_rd_p=3beec2e8-79cb-4dcd-8b87-d4d55f2ed002&pf_rd_r=NTNEZGBABGFV88FSCQHB&pf_rd_s=merchandised-search-7&qid=1684852332&refinements=p_85%3A10440599031%2Cp_n_pct-off-with-tax%3A27060457031%2Cp_n_feature_nineteen_browse-bin%3A11301357031%2Cp_72%3A1318476031&rps=1&s=apparel&sr=1-30
Men's Cottonblend Half Sleeve Back Print Oversized T-Shirt (Color Mustard),https://www.amazon.in/LEOTUDE-Oversized-Sleeve-Round-FS49_BLK_FERLS_P_Black_M/dp/B0C2453Z3V/ref=sr_1_31?pf_rd_i=1968024031&pf_rd_m=A1VBAL9TL5WCBF&pf_rd_p=3beec2e8-79cb-4dcd-8b87-d4d55f2ed002&pf_rd_r=NTNEZGBABGFV88FSCQHB&pf_rd_s=merchandised-search-7&qid=1684852332&refinements=p_85%3A10440599031%2Cp_n_pct-off-with-tax%3A27060457031%2Cp_n_feature_nineteen_browse-bin%3A11301357031%2Cp_72%3A1318476031&rps=1&s=apparel&sr=1-31
Men T-Shirt,https://www.amazon.in/Red-Tape-T-Shirt-Comfortable-Breathable_RHP1256-XXL/dp/B0BSRZBCSH/ref=sr_1_32?pf_rd_i=1968024031&pf_rd_m=A1VBAL9TL5WCBF&pf_rd_p=3beec2e8-79cb-4dcd-8b87-d4d55f2ed002&pf_rd_r=NTNEZGBABGFV88FSCQHB&pf_rd_s=merchandised-search-7&qid=1684852332&refinements=p_85%3A10440599031%2Cp_n_pct-off-with-tax%3A27060457031%2Cp_n_feature_nineteen_browse-bin%3A11301357031%2Cp_72%3A1318476031&rps=1&s=apparel&sr=1-32
Men Solid Raglan Regular Fit Gym T-Shirt,https://www.amazon.in/CHKOKKO-Raglan-Regular-T-Shirt-BLACKSND/dp/B0BTP6SGYT/ref=sr_1_33?pf_rd_i=1968024031&pf_rd_m=A1VBAL9TL5WCBF&pf_rd_p=3beec2e8-79cb-4dcd-8b87-d4d55f2ed002&pf_rd_r=NTNEZGBABGFV88FSCQHB&pf_rd_s=merchandised-search-7&qid=1684852332&refinements=p_85%3A10440599031%2Cp_n_pct-off-with-tax%3A27060457031%2Cp_n_feature_nineteen_browse-bin%3A11301357031%2Cp_72%3A1318476031&rps=1&s=apparel&sr=1-33
Round Neck T-Shirt for Men | Comfortable & Breathable,https://www.amazon.in/Red-Tape-Comfortable-Breathable_RHP1694-L-Turquoise/dp/B0BSNG4QWH/ref=sr_1_34?pf_rd_i=1968024031&pf_rd_m=A1VBAL9TL5WCBF&pf_rd_p=3beec2e8-79cb-4dcd-8b87-d4d55f2ed002&pf_rd_r=NTNEZGBABGFV88FSCQHB&pf_rd_s=merchandised-search-7&qid=1684852332&refinements=p_85%3A10440599031%2Cp_n_pct-off-with-tax%3A27060457031%2Cp_n_feature_nineteen_browse-bin%3A11301357031%2Cp_72%3A1318476031&rps=1&s=apparel&sr=1-34
"Gym Vests for Men Workout, Sleveless T-Tops for Men, Sandow Vests for Men, Sleveless Men's T-Shirt, Stylish Printed Sando for Men, Cotton Sleeveless Tshirt for Men",https://www.amazon.in/Veirdo-Regular-Blocked-T-Shirt-TSH_G5-32_NYW_XXL_Multicolored_XX-Large/dp/B08THSSHQD/ref=sr_1_35?pf_rd_i=1968024031&pf_rd_m=A1VBAL9TL5WCBF&pf_rd_p=3beec2e8-79cb-4dcd-8b87-d4d55f2ed002&pf_rd_r=NTNEZGBABGFV88FSCQHB&pf_rd_s=merchandised-search-7&qid=1684852332&refinements=p_85%3A10440599031%2Cp_n_pct-off-with-tax%3A27060457031%2Cp_n_feature_nineteen_browse-bin%3A11301357031%2Cp_72%3A1318476031&rps=1&s=apparel&sr=1-35
Men's Regular Fit T-Shirt,https://www.amazon.in/Amazon-Brand-Symbol-T-Shirt-AW17PLPO2-6_XXL_Multicolor6/dp/B073X2RYQT/ref=sr_1_36?pf_rd_i=1968024031&pf_rd_m=A1VBAL9TL5WCBF&pf_rd_p=3beec2e8-79cb-4dcd-8b87-d4d55f2ed002&pf_rd_r=NTNEZGBABGFV88FSCQHB&pf_rd_s=merchandised-search-7&qid=1684852332&refinements=p_85%3A10440599031%2Cp_n_pct-off-with-tax%3A27060457031%2Cp_n_feature_nineteen_browse-bin%3A11301357031%2Cp_72%3A1318476031&rps=1&s=apparel&sr=1-36
"Men's Oversized Printed t-Shirt (S, Multicolored)",https://www.amazon.in/Veirdo-Oversized-Printed-t-Shirt-Multicolored/dp/B09TXJTCYH/ref=sr_1_37?pf_rd_i=1968024031&pf_rd_m=A1VBAL9TL5WCBF&pf_rd_p=3beec2e8-79cb-4dcd-8b87-d4d55f2ed002&pf_rd_r=NTNEZGBABGFV88FSCQHB&pf_rd_s=merchandised-search-7&qid=1684852332&refinements=p_85%3A10440599031%2Cp_n_pct-off-with-tax%3A27060457031%2Cp_n_feature_nineteen_browse-bin%3A11301357031%2Cp_72%3A1318476031&rps=1&s=apparel&sr=1-37
Men's Regular Fit Polo Shirt,https://www.amazon.in/Levis-Mens-Regular-Shirt-A2549-0000_Surf/dp/B09RSTB1FQ/ref=sr_1_38?pf_rd_i=1968024031&pf_rd_m=A1VBAL9TL5WCBF&pf_rd_p=3beec2e8-79cb-4dcd-8b87-d4d55f2ed002&pf_rd_r=NTNEZGBABGFV88FSCQHB&pf_rd_s=merchandised-search-7&qid=1684852332&refinements=p_85%3A10440599031%2Cp_n_pct-off-with-tax%3A27060457031%2Cp_n_feature_nineteen_browse-bin%3A11301357031%2Cp_72%3A1318476031&rps=1&s=apparel&sr=1-38
Men Full Sleeve Color Block Cotton T-Shirt,https://www.amazon.in/GRITSTONES-Turquoise-Sleeve-T-Shirt-GSFSTSHT2998TURQBLKWHT_XL/dp/B0BCQ4N65W/ref=sr_1_39?pf_rd_i=1968024031&pf_rd_m=A1VBAL9TL5WCBF&pf_rd_p=3beec2e8-79cb-4dcd-8b87-d4d55f2ed002&pf_rd_r=NTNEZGBABGFV88FSCQHB&pf_rd_s=merchandised-search-7&qid=1684852332&refinements=p_85%3A10440599031%2Cp_n_pct-off-with-tax%3A27060457031%2Cp_n_feature_nineteen_browse-bin%3A11301357031%2Cp_72%3A1318476031&rps=1&s=apparel&sr=1-39
Men Polo,https://www.amazon.in/Red-Tape-Solid-Regular-RHP1054_Blue/dp/B09SLTTJ3D/ref=sr_1_40?pf_rd_i=1968024031&pf_rd_m=A1VBAL9TL5WCBF&pf_rd_p=3beec2e8-79cb-4dcd-8b87-d4d55f2ed002&pf_rd_r=NTNEZGBABGFV88FSCQHB&pf_rd_s=merchandised-search-7&qid=1684852332&refinements=p_85%3A10440599031%2Cp_n_pct-off-with-tax%3A27060457031%2Cp_n_feature_nineteen_browse-bin%3A11301357031%2Cp_72%3A1318476031&rps=1&s=apparel&sr=1-40
Men's Polo Collar Solid T-Shirt,https://www.amazon.in/Red-Tape-Coral-Solid-T-Shirt_RHP0669-M/dp/B0BDM7DLMZ/ref=sr_1_41?pf_rd_i=1968024031&pf_rd_m=A1VBAL9TL5WCBF&pf_rd_p=3beec2e8-79cb-4dcd-8b87-d4d55f2ed002&pf_rd_r=NTNEZGBABGFV88FSCQHB&pf_rd_s=merchandised-search-7&qid=1684852332&refinements=p_85%3A10440599031%2Cp_n_pct-off-with-tax%3A27060457031%2Cp_n_feature_nineteen_browse-bin%3A11301357031%2Cp_72%3A1318476031&rps=1&s=apparel&sr=1-41
Men's Solid Regular fit T-Shirt,https://www.amazon.in/Amazon-Brand-Regular-T-Shirt-AW19TEE24_Lt/dp/B08JDRNPXT/ref=sr_1_42?pf_rd_i=1968024031&pf_rd_m=A1VBAL9TL5WCBF&pf_rd_p=3beec2e8-79cb-4dcd-8b87-d4d55f2ed002&pf_rd_r=NTNEZGBABGFV88FSCQHB&pf_rd_s=merchandised-search-7&qid=1684852332&refinements=p_85%3A10440599031%2Cp_n_pct-off-with-tax%3A27060457031%2Cp_n_feature_nineteen_browse-bin%3A11301357031%2Cp_72%3A1318476031&rps=1&s=apparel&sr=1-42
Men T-Shirt,https://www.amazon.in/Amazon-Brand-Symbol-Regular-SYM-SS22-TSH-13_Peach/dp/B09PNLZ9R9/ref=sr_1_43?pf_rd_i=1968024031&pf_rd_m=A1VBAL9TL5WCBF&pf_rd_p=3beec2e8-79cb-4dcd-8b87-d4d55f2ed002&pf_rd_r=NTNEZGBABGFV88FSCQHB&pf_rd_s=merchandised-search-7&qid=1684852332&refinements=p_85%3A10440599031%2Cp_n_pct-off-with-tax%3A27060457031%2Cp_n_feature_nineteen_browse-bin%3A11301357031%2Cp_72%3A1318476031&rps=1&s=apparel&sr=1-43
Men's Printed Slim Fit T-Shirt,https://www.amazon.in/Spykar-Printed-Blended-T-Shirt-A21MKT02BA147BU003/dp/B09H5KCQVD/ref=sr_1_44?pf_rd_i=1968024031&pf_rd_m=A1VBAL9TL5WCBF&pf_rd_p=3beec2e8-79cb-4dcd-8b87-d4d55f2ed002&pf_rd_r=NTNEZGBABGFV88FSCQHB&pf_rd_s=merchandised-search-7&qid=1684852332&refinements=p_85%3A10440599031%2Cp_n_pct-off-with-tax%3A27060457031%2Cp_n_feature_nineteen_browse-bin%3A11301357031%2Cp_72%3A1318476031&rps=1&s=apparel&sr=1-44
Round Neck T-Shirt for Men | Comfortable & Breathable,https://www.amazon.in/Red-Tape-Comfortable-Breathable_RHP0465-M-Off-White/dp/B0BSNFM1YW/ref=sr_1_45?pf_rd_i=1968024031&pf_rd_m=A1VBAL9TL5WCBF&pf_rd_p=3beec2e8-79cb-4dcd-8b87-d4d55f2ed002&pf_rd_r=NTNEZGBABGFV88FSCQHB&pf_rd_s=merchandised-search-7&qid=1684852332&refinements=p_85%3A10440599031%2Cp_n_pct-off-with-tax%3A27060457031%2Cp_n_feature_nineteen_browse-bin%3A11301357031%2Cp_72%3A1318476031&rps=1&s=apparel&sr=1-45
Men's Regular Fit Polo,https://www.amazon.in/Red-Tape-Solid-Regular-RHP1034_Blue/dp/B09SLW7GQJ/ref=sr_1_46?pf_rd_i=1968024031&pf_rd_m=A1VBAL9TL5WCBF&pf_rd_p=3beec2e8-79cb-4dcd-8b87-d4d55f2ed002&pf_rd_r=NTNEZGBABGFV88FSCQHB&pf_rd_s=merchandised-search-7&qid=1684852332&refinements=p_85%3A10440599031%2Cp_n_pct-off-with-tax%3A27060457031%2Cp_n_feature_nineteen_browse-bin%3A11301357031%2Cp_72%3A1318476031&rps=1&s=apparel&sr=1-46
Men T-Shirt,https://www.amazon.in/Red-Tape-Regular-T-Shirt-RHP1104_Powder/dp/B09WRDWF5Z/ref=sr_1_47?pf_rd_i=1968024031&pf_rd_m=A1VBAL9TL5WCBF&pf_rd_p=3beec2e8-79cb-4dcd-8b87-d4d55f2ed002&pf_rd_r=NTNEZGBABGFV88FSCQHB&pf_rd_s=merchandised-search-7&qid=1684852332&refinements=p_85%3A10440599031%2Cp_n_pct-off-with-tax%3A27060457031%2Cp_n_feature_nineteen_browse-bin%3A11301357031%2Cp_72%3A1318476031&rps=1&s=apparel&sr=1-47
Men's Striped Regular Polo Shirt (AZ-PO-09-S21-H_Jet Black + Port Olive M),https://www.amazon.in/Amazon-Brand-Inkast-Regular-AZ-PO-09-S21-H_Jet/dp/B097N8CT9S/ref=sr_1_48?pf_rd_i=1968024031&pf_rd_m=A1VBAL9TL5WCBF&pf_rd_p=3beec2e8-79cb-4dcd-8b87-d4d55f2ed002&pf_rd_r=NTNEZGBABGFV88FSCQHB&pf_rd_s=merchandised-search-7&qid=1684852332&refinements=p_85%3A10440599031%2Cp_n_pct-off-with-tax%3A27060457031%2Cp_n_feature_nineteen_browse-bin%3A11301357031%2Cp_72%3A1318476031&rps=1&s=apparel&sr=1-48
